{"th": 0.030965516596132194, "he": 0.028037062564128152, "ep": 0.00320289913830474, "pr": 0.002491836817434749, "ro": 0.005613649901605192, "oj": 0.0003056320501985049, "je": 0.000498991102364906, "ec": 0.004550175114689986, "ct": 0.002058338297255237, "tg": 0.0006362136555152551, "gu": 0.0008794718179181468, "ut": 0.0049150623582943235, "te": 0.007469273063524686, "en": 0.011080721166890692, "nb": 0.0009761513440013472, "be": 0.005638599456723437, "er": 0.01807595268316872, "rg": 0.001007338287899154, "ge": 0.0026696023976522467, "eb": 0.0022610534325909802, "bo": 0.001606127610737041, "oo": 0.003305816053167502, "ok": 0.00131920772687722, "ko": 0.0003711246323838988, "of": 0.006337187000034305, "fs": 0.0005395341294320545, "si": 0.005966062367650407, "il": 0.004350578673744024, "la": 0.004444139505437443, "as": 0.0111119081107885, "sm": 0.0015125667790436212, "ma": 0.005292424379457784, "ar": 0.007793617280061875, "rn": 0.0021862047672362443, "ne": 0.007023299765786051, "rb": 0.0007796735974451655, "by": 0.0013410385876056847, "yg": 0.00024325816240289167, "eo": 0.0028567240610390867, "or": 0.008888279010874887, "ee": 0.004740415472466606, "el": 0.00640579827660948, "li": 0.005124014882409628, "io": 0.0030906261402726364, "ot": 0.005473308654065062, "tt": 0.005782059398653348, "hi": 0.01073454608962504, "is": 0.008298845771206343, "se": 0.007734362086656042, "ki": 0.0013784629202830527, "sf": 0.00131920772687722, "fo": 0.004562649892249109, "rt": 0.004182169176695868, "eu": 0.0005956706284481065, "us": 0.0035147685772828063, "fa": 0.002806824950802596, "an": 0.016444875517313433, "ny": 0.0015406350285516472, "yo": 0.004706109834179019, "on": 0.010896718197893633, "ea": 0.010160706321905397, "yw": 0.0013909376978421754, "wh": 0.004865163248057833, "re": 0.013167127713653956, "ei": 0.0035116498828930255, "in": 0.01823500609704753, "nt": 0.010026602463144829, "un": 0.0036052107145864453, "ni": 0.003037608335646365, "it": 0.010054670712652855, "ed": 0.010272979319937502, "ds": 0.003028252252477023, "st": 0.010026602463144829, "ta": 0.005298661768237345, "at": 0.010332234513343334, "es": 0.01101834727909508, "sa": 0.006767566825824037, "nd": 0.01229077459012559, "dm": 0.0011383234522699417, "mo": 0.0026696023976522467, "os": 0.002806824950802596, "to": 0.011426896244156347, "rp": 0.0007079436264802103, "pa": 0.0021394243513895342, "ts": 0.003539718132401052, "so": 0.004971198857310376, "ft": 0.002445056401588039, "ew": 0.0047341780836870455, "wo": 0.0024793620398756264, "rl": 0.0010291691486276186, "ld": 0.003948267097462319, "da": 0.0038266380162608727, "tn": 0.0005987893228378871, "no": 0.006150065336647466, "oc": 0.0012724273110305102, "co": 0.004628142474434503, "dw": 0.0016934510536508996, "wi": 0.0044909199212841535, "ha": 0.012184738980873046, "al": 0.005102184021681163, "lm": 0.00036800593799411817, "tr": 0.0024544124847573814, "ri": 0.0050616409946140145, "ic": 0.0030812700571032944, "ti": 0.007297744872086749, "ns": 0.0037174837126185494, "sw": 0.0023390207923354965, "oe": 0.0006393323499050358, "ev": 0.0023265460147763742, "ve": 0.0064775282475744355, "ry": 0.0023421394867252773, "ou": 0.011355166273191391, "um": 0.0006798753769721844, "ay": 0.0026914332583807114, "yc": 0.0007079436264802103, "op": 0.0015624658892801119, "py": 0.00019335905216640107, "yi": 0.001347275976385246, "gi": 0.0013348011988261234, "iv": 0.0014844985295355952, "aw": 0.000997982204729812, "wa": 0.006240507473951105, "rr": 0.0014813798351458146, "tu": 0.0016685014985326544, "de": 0.004905706275124982, "et": 0.007746836864215165, "rm": 0.0018680979394786166, "ms": 0.0010011008991195926, "gl": 0.0007360118759882363, "ce": 0.003832875405040434, "nc": 0.003333884302675528, "cl": 0.0009262522337648567, "lu": 0.0005738397677196418, "ud": 0.0008420474852407788, "ht": 0.0032839851924390375, "nl": 0.0008295727076816561, "tw": 0.0028130623395821574, "ww": 0.0003617685492145568, "wg": 6.54925821853939e-05, "go": 0.0031654748056273723, "if": 0.002105118713101947, "fy": 0.00037736202116346015, "ua": 0.0006985875433108684, "tl": 0.001958540076782256, "lo": 0.0037143650182287686, "ca": 0.0025542107052303623, "di": 0.0045065133932330565, "sy": 0.0006112641003970098, "ul": 0.0033089347475572825, "ll": 0.005641718151113218, "lh": 0.0003399376884860922, "av": 0.0022579347382011995, "ch": 0.004341222590574682, "ck": 0.0012412403671327036, "kt": 0.0003742433267736795, "ws": 0.00042414243701017004, "ey": 0.0034368012175382896, "db": 0.002123830879440631, "ef": 0.003252798248541231, "ng": 0.009970465964128776, "gt": 0.0018306736068012487, "le": 0.0061843709749350535, "we": 0.003050083113205488, "fr": 0.0023421394867252773, "ra": 0.004871400636837394, "au": 0.000682994071361965, "ho": 0.00494313060780235, "ej": 0.00012162908120144583, "ju": 0.0002869198838598209, "kl": 0.00015593471948903312, "up": 0.001135204757880161, "pd": 2.1830860728464637e-05, "dn": 0.0016778575817019963, "ov": 0.001072830870084548, "em": 0.004297560869117752, "mb": 0.0006518071274641584, "ag": 0.002005320492628966, "sh": 0.005354798267253397, "hc": 0.00020271513533574303, "ac": 0.0028754362273777706, "rs": 0.00405118401232508, "od": 0.002585397649128169, "tf": 0.0008358100964612175, "sp": 0.0019211157441048879, "ks": 0.0007671988198860429, "tm": 0.0013004955605385362, "ya": 0.001949183993612914, "nn": 0.0006299762667356937, "va": 0.0004303798257897314, "sc": 0.0017246379975487062, "ap": 0.001624839777075725, "pt": 0.0008701157347488047, "ii": 9.979822047298119e-05, "vc": 9.356083169341987e-06, "rv": 0.0003368189940963115, "vi": 0.0014065311697910787, "ix": 0.0001403412475401298, "xc": 0.00016840949704815576, "rx": 7.484866535473589e-05, "xi": 0.0001746468858277171, "xv": 2.4949555118245297e-05, "vp": 3.118694389780662e-06, "xx": 9.356083169341987e-06, "np": 0.00040854896506126675, "ys": 0.0020895252411530438, "pi": 0.001606127610737041, "gw": 0.000498991102364906, "ls": 0.0009574391776626633, "hu": 0.0007827922918349462, "mm": 0.0005426528238218352, "me": 0.00607521667129273, "bu": 0.0022641721269807606, "ly": 0.00353036204923171, "mh": 0.0003524124660452148, "gr": 0.0012162908120144584, "ad": 0.005055403605834454, "ie": 0.002585397649128169, "lk": 0.0005270593518729319, "ka": 0.00047716024163644134, "dt": 0.0046530920295527484, "hr": 0.0007547240423269203, "dl": 0.0013004955605385362, "eh": 0.003608329408976226, "ir": 0.0024887181230449683, "oy": 0.00048339763041600265, "fp": 0.00022766469045398834, "po": 0.0016747388873122155, "ol": 0.0026259406761953174, "do": 0.003729958490177672, "oa": 0.0012350029783531422, "ak": 0.0014689050575866919, "mi": 0.00249495551182453, "ig": 0.002282884293319445, "gh": 0.003885893209666705, "tb": 0.0010478813149663025, "am": 0.002011557881408527, "rd": 0.0019834896319005013, "om": 0.005152083131917654, "ai": 0.003742433267736795, "id": 0.003748670656516356, "du": 0.001107136508372135, "iz": 5.925519340583258e-05, "ze": 0.0001309851643707878, "nw": 0.0012973768661487554, "ob": 0.0014252433361297626, "yt": 0.0022610534325909802, "br": 0.0010166943710684959, "wn": 0.0011944599512859937, "yf": 0.000692350154531307, "ke": 0.0031093383066113202, "ik": 0.0009262522337648567, "mn": 0.000221427301674427, "na": 0.004126032677679816, "nh": 0.001799486662903442, "dr": 0.0011632730073881871, "ph": 0.0003461750772656535, "sd": 0.0006393323499050358, "og": 0.0005738397677196418, "gb": 0.00034305638287587283, "ba": 0.0008981839842568308, "rk": 0.000979270038391128, "df": 0.0019678961599515978, "fi": 0.002123830879440631, "rc": 0.0011258486747108192, "gm": 0.0002900385782496016, "pp": 0.001403412475401298, "pe": 0.0026851958696011502, "pl": 0.0013691068371137107, "dd": 0.0013285638100465622, "ga": 0.0023421394867252773, "su": 0.0019710148543413786, "rw": 0.0012350029783531422, "td": 0.0006143827947867904, "af": 0.0008950652898670501, "ur": 0.004016878374037493, "ah": 0.0003804807155532408, "vy": 4.3661721456929274e-05, "yb": 0.0008732344291385854, "nr": 0.00032434421653718885,